{
  "mae": 121.48204040527344,
  "rmse": 156.40907287597656,
  "wape": 15.515793800354004
}