{
  "sku": "SKU_05",
  "mae": 397.48291015625,
  "mse": 177391.671875,
  "rmse": 421.17890720571467,
  "mape": 60.13163900582802
}