{
  "sku": "SKU_05",
  "mae": 337.2926025390625,
  "mse": 150082.125,
  "rmse": 387.40434303192836,
  "mape": 51.00089300177773
}