{
  "sku": "SKU_05",
  "mae": 256.7828063964844,
  "mse": 88389.2265625,
  "rmse": 297.3032568985749,
  "mape": 46.043046812835264
}