{
  "sku": "SKU_05",
  "mae": 362.9613952636719,
  "mse": 170464.078125,
  "rmse": 412.8729563982122,
  "mape": 54.00380428248699
}