{
  "sku": "SKU_04",
  "mae": 1913.9083251953125,
  "mse": 4042297.0,
  "rmse": 2010.5464431343037,
  "mape": 90.23672604871726
}