{
  "mae": 1079.245361328125,
  "rmse": 1133.5941162109375,
  "wape": 51.54730224609375
}