{
  "sku": "SKU_04",
  "mae": 1961.22119140625,
  "mse": 4275953.0,
  "rmse": 2067.837759593339,
  "mape": 89.20039857872969
}