{
  "mae": 1056.3092041015625,
  "rmse": 1118.8699951171875,
  "wape": 50.451820373535156
}