{
  "sku": "SKU_04",
  "mae": 1779.4033203125,
  "mse": 3518560.0,
  "rmse": 1875.782503383588,
  "mape": 85.5577275478331
}