{
  "sku": "SKU_04",
  "mae": 1950.6502685546875,
  "mse": 4219369.0,
  "rmse": 2054.110269678821,
  "mape": 89.86406943740123
}