{
  "sku": "SKU_02",
  "mae": 48.987796783447266,
  "mse": 3099.896484375,
  "rmse": 55.67671402278515,
  "mape": 20.437234123496555
}