{
  "mae": 51.230682373046875,
  "rmse": 62.639591217041016,
  "wape": 20.927875518798828
}