{
  "sku": "SKU_02",
  "mae": 80.40709686279297,
  "mse": 7607.4482421875,
  "rmse": 87.2206870082293,
  "mape": 26.190457505123643
}