{
  "sku": "SKU_02",
  "mae": 45.19346237182617,
  "mse": 2716.022705078125,
  "rmse": 52.11547471795805,
  "mape": 17.42650386884057
}