{
  "sku": "SKU_02",
  "mae": 72.78905487060547,
  "mse": 6144.19775390625,
  "rmse": 78.38493320725769,
  "mape": 25.300283596028695
}