{
  "sku": "SKU_01",
  "mae": 16.05294418334961,
  "mse": 314.047607421875,
  "rmse": 17.721388416878487,
  "mape": 113.35050866287877
}