{
  "sku": "SKU_01",
  "mae": 13.685527801513672,
  "mse": 212.99447631835938,
  "rmse": 14.594330279884698,
  "mape": 109.02002541070301
}