{
  "sku": "SKU_01",
  "mae": 17.195322036743164,
  "mse": 362.9589538574219,
  "rmse": 19.051481670920555,
  "mape": 113.64770701476345
}