{
  "sku": "SKU_01",
  "mae": 14.171993255615234,
  "mse": 235.8528289794922,
  "rmse": 15.357500740012751,
  "mape": 108.51722807637789
}