{
  "mae": 10.434144973754883,
  "rmse": 11.200414657592773,
  "wape": 59.300209045410156
}