{
  "mae": 11.838044166564941,
  "rmse": 12.532832145690918,
  "wape": 67.27896881103516
}