{
  "sku": "SKU_03",
  "mae": 4058.829833984375,
  "mse": 22236016.0,
  "rmse": 4715.508032015215,
  "mape": 36.81223803375583
}