{
  "sku": "SKU_03",
  "mae": 4297.71142578125,
  "mse": 23641346.0,
  "rmse": 4862.236728091301,
  "mape": 38.97480399854682
}