{
  "mae": 2742.60595703125,
  "rmse": 3200.843505859375,
  "wape": 27.157958984375
}