{
  "sku": "SKU_03",
  "mae": 3550.813720703125,
  "mse": 18801448.0,
  "rmse": 4336.06365266932,
  "mape": 32.62350578359338
}