{
  "sku": "SKU_03",
  "mae": 3151.871337890625,
  "mse": 15990377.0,
  "rmse": 3998.7969440820575,
  "mape": 29.46962038052316
}